responsivebody32,Image,8cq6reux,1gpq9hjj_URL
1/9,"https://static.nike.com/a/images/f_auto/dpr_1.0,cs_srgb/w_1190,c_limit/59a78130-6d08-4bb7-ad13-0d4f8d03e620/nike-just-do-it.png",Cortez,https://www.nike.com/in/w/cortez-shoes-byfxzy7ok
2/9,"https://static.nike.com/a/images/f_auto/dpr_1.0,cs_srgb/w_1190,c_limit/15f840ee-ecb2-4d30-af30-6ac8893947ce/nike-just-do-it.png",Killshot,https://www.nike.com/in/w/killshot-shoes-3x0kvzy7ok
3/9,"https://static.nike.com/a/images/f_auto/dpr_1.0,cs_srgb/w_1190,c_limit/d13179a1-66d5-4a9a-9877-da84c0af2c01/nike-just-do-it.png",Field General,https://www.nike.com/in/w/nikelab-lifestyle-shoes-13jrmz9kb2rzy7ok
4/9,"https://static.nike.com/a/images/f_auto/dpr_1.0,cs_srgb/w_1190,c_limit/f1c1e89f-6b14-41e0-80a6-a1332bf01ccc/nike-just-do-it.png",Peg 41,https://www.nike.com/in/w/pegasus-shoes-8nexhzy7ok
5/9,"https://static.nike.com/a/images/f_auto/dpr_1.0,cs_srgb/w_1190,c_limit/4150ed95-006a-4e59-9fec-6503c0b1f752/nike-just-do-it.png",Vomero,https://www.nike.com/in/w/zoom-vomero-lifestyle-shoes-13jrmz7gee1zy7ok
6/9,"https://static.nike.com/a/images/f_auto/dpr_1.0,cs_srgb/w_1190,c_limit/548ccaf6-1b5f-421c-8234-ef0b56b6aa1b/nike-just-do-it.png",V2K,https://www.nike.com/in/w/nike-v2k-shoes-3picezy7ok
7/9,"https://static.nike.com/a/images/f_auto/dpr_1.0,cs_srgb/w_1190,c_limit/f42ab353-78a0-4162-85f7-9c6d9cad5afe/nike-just-do-it.png",Vaporfly,https://www.nike.com/in/w/nike-vaporfly-shoes-5mvs0zy7ok
8/9,"https://static.nike.com/a/images/f_auto/dpr_1.0,cs_srgb/w_1190,c_limit/c8263ba6-42f3-47c8-9580-c362736367ba/nike-just-do-it.png",Dunks,https://www.nike.com/in/w/dunk-shoes-90aohzy7ok
9/9,"https://static.nike.com/a/images/f_auto/dpr_1.0,cs_srgb/w_1190,c_limit/73c4a613-c354-4bd5-9df8-e0cc7705c467/nike-just-do-it.jpg",Air Force 1,https://www.nike.com/in/w/air-force-1-shoes-5sj3yzy7ok
1/9,"https://static.nike.com/a/images/f_auto/dpr_1.0,cs_srgb/w_1190,c_limit/59a78130-6d08-4bb7-ad13-0d4f8d03e620/nike-just-do-it.png",Cortez,https://www.nike.com/in/w/cortez-shoes-byfxzy7ok
2/9,"https://static.nike.com/a/images/f_auto/dpr_1.0,cs_srgb/w_1190,c_limit/15f840ee-ecb2-4d30-af30-6ac8893947ce/nike-just-do-it.png",Killshot,https://www.nike.com/in/w/killshot-shoes-3x0kvzy7ok
3/9,"https://static.nike.com/a/images/f_auto/dpr_1.0,cs_srgb/w_1190,c_limit/d13179a1-66d5-4a9a-9877-da84c0af2c01/nike-just-do-it.png",Field General,https://www.nike.com/in/w/nikelab-lifestyle-shoes-13jrmz9kb2rzy7ok
4/9,"https://static.nike.com/a/images/f_auto/dpr_1.0,cs_srgb/w_1190,c_limit/f1c1e89f-6b14-41e0-80a6-a1332bf01ccc/nike-just-do-it.png",Peg 41,https://www.nike.com/in/w/pegasus-shoes-8nexhzy7ok
5/9,"https://static.nike.com/a/images/f_auto/dpr_1.0,cs_srgb/w_1190,c_limit/4150ed95-006a-4e59-9fec-6503c0b1f752/nike-just-do-it.png",Vomero,https://www.nike.com/in/w/zoom-vomero-lifestyle-shoes-13jrmz7gee1zy7ok
6/9,"https://static.nike.com/a/images/f_auto/dpr_1.0,cs_srgb/w_1190,c_limit/548ccaf6-1b5f-421c-8234-ef0b56b6aa1b/nike-just-do-it.png",V2K,https://www.nike.com/in/w/nike-v2k-shoes-3picezy7ok
7/9,"https://static.nike.com/a/images/f_auto/dpr_1.0,cs_srgb/w_1190,c_limit/f42ab353-78a0-4162-85f7-9c6d9cad5afe/nike-just-do-it.png",Vaporfly,https://www.nike.com/in/w/nike-vaporfly-shoes-5mvs0zy7ok
8/9,"https://static.nike.com/a/images/f_auto/dpr_1.0,cs_srgb/w_1190,c_limit/c8263ba6-42f3-47c8-9580-c362736367ba/nike-just-do-it.png",Dunks,https://www.nike.com/in/w/dunk-shoes-90aohzy7ok
9/9,"https://static.nike.com/a/images/f_auto/dpr_1.0,cs_srgb/w_1190,c_limit/73c4a613-c354-4bd5-9df8-e0cc7705c467/nike-just-do-it.jpg",Air Force 1,https://www.nike.com/in/w/air-force-1-shoes-5sj3yzy7ok
1/9,"https://static.nike.com/a/images/f_auto/dpr_1.0,cs_srgb/w_1190,c_limit/59a78130-6d08-4bb7-ad13-0d4f8d03e620/nike-just-do-it.png",Cortez,https://www.nike.com/in/w/cortez-shoes-byfxzy7ok
2/9,"https://static.nike.com/a/images/f_auto/dpr_1.0,cs_srgb/w_1190,c_limit/15f840ee-ecb2-4d30-af30-6ac8893947ce/nike-just-do-it.png",Killshot,https://www.nike.com/in/w/killshot-shoes-3x0kvzy7ok
3/9,"https://static.nike.com/a/images/f_auto/dpr_1.0,cs_srgb/w_1190,c_limit/d13179a1-66d5-4a9a-9877-da84c0af2c01/nike-just-do-it.png",Field General,https://www.nike.com/in/w/nikelab-lifestyle-shoes-13jrmz9kb2rzy7ok
4/9,"https://static.nike.com/a/images/f_auto/dpr_1.0,cs_srgb/w_1190,c_limit/f1c1e89f-6b14-41e0-80a6-a1332bf01ccc/nike-just-do-it.png",Peg 41,https://www.nike.com/in/w/pegasus-shoes-8nexhzy7ok
5/9,"https://static.nike.com/a/images/f_auto/dpr_1.0,cs_srgb/w_1190,c_limit/4150ed95-006a-4e59-9fec-6503c0b1f752/nike-just-do-it.png",Vomero,https://www.nike.com/in/w/zoom-vomero-lifestyle-shoes-13jrmz7gee1zy7ok
6/9,"https://static.nike.com/a/images/f_auto/dpr_1.0,cs_srgb/w_1190,c_limit/548ccaf6-1b5f-421c-8234-ef0b56b6aa1b/nike-just-do-it.png",V2K,https://www.nike.com/in/w/nike-v2k-shoes-3picezy7ok
7/9,"https://static.nike.com/a/images/f_auto/dpr_1.0,cs_srgb/w_1190,c_limit/f42ab353-78a0-4162-85f7-9c6d9cad5afe/nike-just-do-it.png",Vaporfly,https://www.nike.com/in/w/nike-vaporfly-shoes-5mvs0zy7ok
8/9,"https://static.nike.com/a/images/f_auto/dpr_1.0,cs_srgb/w_1190,c_limit/c8263ba6-42f3-47c8-9580-c362736367ba/nike-just-do-it.png",Dunks,https://www.nike.com/in/w/dunk-shoes-90aohzy7ok
9/9,"https://static.nike.com/a/images/f_auto/dpr_1.0,cs_srgb/w_1190,c_limit/73c4a613-c354-4bd5-9df8-e0cc7705c467/nike-just-do-it.jpg",Air Force 1,https://www.nike.com/in/w/air-force-1-shoes-5sj3yzy7ok
